seq,class
ATGAAAATAATTAACTTAGGCATTCTGGCTCACGTTGACGCAGGAAAGACAACATTAACGGAAAGTTTATTGTATACCAGTGGTGCAATTGCAGAACTAGGGAGCGTAGATGAAGGCACAACAAGGACAGATACAATGAATTTGGAGCGTCAAAGGGGAATCACTATCCAGACAGCAGTGACATCTTTTCAGTGGGAGGATGTAAAAGTCAACATTATAGATACGCCAGGCCATATGGATTTTTTGGCGGAAGTATACCGTTCTTTATCCGTATTAGACGGAGCAGTATTATTAGTTTCTGCAAAGGATGGCATACAGGCACAGACCCGTATACTGTTTCATGCACTACAGATAATGAAGATTCCGACAATTTTTTTCATCAATAAAATTGACCAAGAGGGGATTGATTTGCCAATGGTATATCGGGAAATGAAAGCAAAGCTTTCTTCGGAAATTATAGTGAAGCAAAAGGTTGGGCAGCATCCCCATATAAATGTAACGGACAATGACGATATGGAACAGTGGGATGCGGTAATTATGGGAAACGATGAACTATTAGAGAAATATATGTCAGGGAAACCGTTTAAAATGTCAGAACTGGAACAGGAAGAAAACAGGAGATTCCAAAACGGAACGTTATTTCCCGTTTATCACGGAAGCGCTAAAAACAATCTGGGGACTCGGCAGCTTATAGAAGTAATTGCCAGTAAATTTTATTCATCAACGCCTGAAGGTCAATCTGAACTATGCGGGCAGGTTTTTAAGATTGAATATTCAGAGAAAAGGCGGCGTTTTGTTTATGTGCGTATATATAGCGGAACATTGCATTTGAGGGATGTTATTAGAATATCTGAAAAAGAGAAAATAAAAATCACAGAGATGTATGTTCCGACAAACGGTGAATTATATTCATCCGATACAGCCTGCTCTGGTGATATTGTAATTTTACCAAATGATGTTTTGCAGCTAAACAGTATTTTGGGGAACGAAATACTGTTGCCGCAGAGAAAATTTATTGAAAATCCTCTCCCTATGATCCAAACAACGATTGCAGTAAAGAAATCTGAACAGCGGGAAATATTGCTTGGGGCACTTACAGAAATTTCAGATTGCGACCCTCTTTTAAAATATTATGTGGATACTACAACGCATGAGATTATACTTTCTTTTTTGGGGAATGTGCAGATGGAAGTCATTTGTGCCATCCTTGAGGAAAAATATCATGTGGAGGCAGAAATAAAAGAGCCTACTGTTATATATATGGAAAGACCGCTTAGAAAAGCAGAATATACCATCCACATAGAAGTCCCGCCAAATCCTTTCTGGGCTTCTGTCGGGTTGTCCATAGAGCCGCTCCCTATTGGAAGCGGAGTGCAGTATGAAAGCAGAGTTTCACTTGGATATTTAAATCAATCGTTCCAAAATGCGGTTATGGAGGGGGTTCTTTATGGCTGCGAGCAGGGGCTGTATGGATGGAAAGTGACAGACTGTAAAATCTGTTTTGAATATGGATTGTATTATAGTCCTGTAAGTACCCCCGCAGACTTTCGGCTGCTTTCCCCTATCGTATTGGAGCAGGCTTTAAAAAAAGCAGGGACAGAACTATTAGAGCCATATCTCCACTTTGAAATTTATGCACCGCAGGAATATCTCTCACGGGCGTATCATGATGCTCCAAGGTATTGTGCAGATATTGTAAGTACTCAGATAAAGAATGACGAGGTCATTCTGAAAGGAGAAATCCCTGCTAGATGTATTCAAGAATACAGGAACGATTTAACTTATTTCACAAATGGGCAGGGAGTCTGCTTGACAGAGTTAAAAGGATACCAGCCAGCTATTGGTAAATTTATTTGCCAACCCCGCCGCCCGAATAGCCGTATAGATAAGGTTCGGCATATGTTCCACAAGTTAGCTTAA,tetracycline
GTGACATTGAAATCCCCACTGCCACCGCAATCCGTCTCCGCACCCGCTGATTCACGCAGCACCGCGCGGAGAGAATGGGGTCAGAACTTCTTTCGTACAGCCGCCGCGGCCTGTCGTTTCTCCGCTCAGCTGGACGGTTCGGACACCATTCCGCCCGATTCTCCGAATGACCTGATGACCGTCGAAATAGGCGCGGGATCAGGGCGGGTGACCAAAGTGCTCGCCTCACCCGGGACGCCTTTACTCGCGGTGGAAATAGATCCCCGCTGGGCTCGGCGGCTGGCCGCCGAATCGCTGCCGGACGTCACGGTGGTGAACGAGGATTTCCTGACCCTGCAACTGCCCGGGCAGCCGGTCAGACTCATCGGGAATCTTCCCTTCGTCACCGGCACCAGAATGCTGAGGCGCTGCCTCGACATGGGTCCGGCGCGCATGCGGCAGGGCGTGTTCCTGTTGCAGCGGGAGTACGTGGGAAAGCGGACCGGAGCCTGGGGCGGAAACCTCTTCAACGCCCAGTGGGAGCCGTGGTACTCGTTCGACCGGGGCCTGGCCTTCTCACGCCAGGACTTCACCCCCGTACCGCGCGCGGACACCCAGACCCTGATGGTCGCCCCGCACCGCAGGCCGTCCGTGCCCTGGCGTGAGAAGGCCGCCTACCAGCGGTTCGTCCAACGGGTCTTCGACACCGGCCAGATGACGGTGGGCGACGCCGCGCGGAAGGTGCTGCGCCGCGGACACGCCCAGTTCGTGCGCGGGGCGGGCGTGAGGCCGGCCGACCGGGTCAAGGACCTCACGGTCCCGGAGTGGACCGCACTCTTCCGCGCCTACGGGCGGACGGCCGACCGCTGA,MLS
TTGAAAAAATTAATAATTTTAGTCGTGTTAGCGTTGATATTAAGTGCTTGTAATAGTAAGAATTCAACTAATAACGACATTGAAAAGATCGAAAAAAAATATGGTGCTAACGTAGGTATGTATGCTCTTAATACTCAAAATGGTAAAGAATTATCATTTAATGAAAATAAGCGTTTTGCATATGCTTCCACATTAAAAACTATAAGTAGCGCAATGCTGCTTGAACAAACACCTTACAACAAATTAGATAAAAAAATTCACATTAATAAAGATGATATTGTTCCATATTCACCAGTGTTAGAAAAATATATTGGCAAAGAGATAACTTTAAAAAAGCTTATAGAAGCTACCATGTTATTTAGCGATAACACGGCTAATAATAAAATTATCGATGAATTGGGAGGATATGGGCAAGTAAAAACGAAACTGATAGATTTAGGCGATACAACGACACATCCATCTAGAAAAGAACCAGACTTAAATTTTTATTCACCAAAGGATAAACGAGATACAAGTACTCCATTAGCCTATGGTAAAACTTTAAAGAAACTTATAGCTGATGGAGATCTTAGCAAAGCAAACAAAGATTTCTTACTTAATCTAATGTTCAAAAATAAAAGTGGCGATACATTAATTAAGGATGGTGCACCTTCAAACTTTAAAGTTATGGATAAGAGCGGTCAAGCACTAACATACGGTTCAAGAAACGATGTTGCGTTTGTTTATCCAGATGGACAAGATAAACCTATAATTCTGGTGATATTTACAAATAAAGATAGAAAAGATGGTAAACCTAATGACAAAATAGTAAGTGAGGTTGCTGAAATTGTACTAAAAAATATTAATGAGTAA,beta_lactam
ATGTTGAAAAGTTCGTGGCGTAAAACCGCCCTGATGGCCGCCGCCGCCGTTCCGCTGCTGCTGGCGAGCGGTTCATTATGGGCCAGTGCCGATGCTATCCAGCAAAAGCTGGCTGATTTAGAAAAACGTTCCGGCGGTCGGCTGGGCGTAGCGCTGATTAACACGGCAGATGATTCGCAAACCCTCTATCGCGGCGATGAACGTTTTGCCATGTGCAGCACCGGTAAAGTGATGGCCGCCGCCGCGGTGTTAAAACAGAGCGAAAGCAATCCAGAGGTGGTGAATAAAAGGCTGGAGATTAAAAAATCGGATTTAGTGGTCTGGAGCCCGATCACCGAAAAACATCTGCAAAGCGGAATGACCCTGGCGGAACTCAGCGCGGCGGCGCTGCAGTACAGCGACAATACCGCGATGAATAAGATGATTAGCTACCTTGGCGGACCGGAAAAGGTGACCGCATTCGCCCAGAGTATCGGGGATGTCACTTTTCGTCTCGATCGTACGGAGCCGGCGCTGAACAGCGCGATTCCCGGCGATAAGCGCGATACCACCACCCCGTTGGCGATGGCCGAAAGCCTGCGCAAGCTGACGCTGGGCAATGCGCTGGGCGAACAGCAGCGCGCCCAGTTAGTGACGTGGCTAAAAGGCAATACCACCGGCGGGCAAAGCATTCGCGCAGGCCTGCCCGCAAGCTGGGCGGTCGGGGATAAAACCGGCGCCGGAGATTACGGCACCACCAACGATATCGCGGTGATCTGGCCGGAAAATCATGCCCCGCTGGTGCTGGTGACCTATTTTACCCAGCCGCAGCAGGATGCGAAAAGCCGCAAAGAGGTGTTAGCCGCGGCGGCAAAAATCGTCACCGAAGGGCTTTAA,beta_lactam
ATGCGCGGTAAACACACTGTCATTCTGGGCGCGGCACTGTCGGCGCTTTTTGCCGGCGCGGCTGGCGCGCAGATGCTCGAATGCACGCTGGTCGCCGATGCCGCGAGCGGTCAGGAGCTTTACCGCAAGGGTGCCTGTGACAAGGCCTTCGCGCCAATGTCGACGTTCAAGGTGCCGTTGGCCGTCATGGGCTACGATGCTGGCATTCTTGTGGACGCGCATAATCCGCGCTGGGACTACAAGCCGGAATTCAATGGCTACAAATTCCAGCAGAAAACCACCGACCCTACGATCTGGGAAAAGGACTCGATCGTCTGGTATTCGCAGCAATTGACCCGCAAGATGGGGCAAAAACGCTTTGCCGCATACGTGGCCGGGTTCGGCTATGGCAATGGCGATATCTCCGGTGAGCCCGGTAAGAGCAACGGCCTGACGCATTCATGGCTGGGCTCCTCGCTGAAGATTTCTCCGGAAGGACAGGTGCGGTTCGTACGCGATCTGCTGTCGGCGAAACTGCCGGCTTCGAAAGACGCCCAGCAAATGACGGTTTCCATCCTGCCGCATTTCGCGGCCGGTGATTGGGCTGTGCAGGGCAAGACCGGCACCGGCTCGTTCATCGACGCCAGGGGTGCGAAGGCGCCGCTCGGATGGTTCATCGGCTGGGCGACGCACGAGGAACGCCGCGTCGTCTTCGCCCGCATGACTGCGGGCGGGAAGAAGGGCGAGCAACCCGCCGGACCGGCTGCCCGCGACGCCTTCCTCAAGGCATTGCCGGATCTCGCGAAAAGGTTCTGA,beta_lactam
ATGGGCATCATTCGCACATGTAGGCTCGGCCCTGACCAAGTCAAATCCATGCGGGCTGCTCTTGATCTTTTCGGTCGTGAGTTCGGAGACGTAGCCACCTACTCCCAACATCAGCCGGACTCCGATTACCTCGGGAACTTGCTCCGTAGTAAGACATTCATCGCGCTTGCTGCCTTCGACCAAGAAGCGGTTGTTGGCGCTCTCGCGGCTTACGTTCTGCCCAGGTTTGAGCAGCCGCGTAGTGAGATCTATATCTATGATCTCGCAGTCTCCGGCGAGCACCGGAGGCAGGGCATTGCCACCGCGCTCATCAATCTCCTCAAGCATGAGGCCAACGCGCTTGGTGCTTATGTGATCTACGTGCAAGCAGATTACGGTGACGATCCCGCAGTGGCTCTCTATACAAAGTTGGGCATACGGGAAGAAGTGATGCACTTTGATATCGACCCAAGTACCGCCACCTAA,aminoglycoside
ATGACAGAGCAGCAGTGGAATTTCGCGGGTATCGAGGCCGCGGCAAGCGCAATCCAGGGAAATGTCACGTCCATTCATTCCCTCCTTGACGAGGGGAAGCAGTCCCTGACCAAGCTCGCAGCGGCCTGGGGCGGTAGCGGTTCGGAGGCGTACCAGGGTGTCCAGCAAAAATGGGACGCCACGGCTACCGAGCTGAACAACGCGCTGCAGAACCTGGCGCGGACGATCAGCGAAGCCGGTCAGGCAATGGCTTCGACCGAAGGCAACGTCACTGGGATGTTCGCATAG,non_ARG
ATGGCTATCGACGAAAACAAACAGAAAGCGTTGGCGGCAGCACTGGGCCAGATTGAGAAACAATTTGGTAAAGGCTCCATCATGCGCCTGGGTGAAGACCGTTCCATGGATGTGGAAACCATCTCTACCGGTTCGCTTTCACTGGATATCGCGCTTGGGGCAGGTGGTCTGCCGATGGGCCGTATCGTCGAAATCTACGGACCGGAATCTTCCGGTAAAACCACGCTGACGCTGCAGGTGATCGCCGCAGCGCAGCGTGAAGGTAAAACCTGTGCGTTTATCGATGCTGAACACGCGCTGGACCCAATCTACGCACGTAAACTGGGCGTCGATATCGACAACCTGCTGTGCTCCCAGCCGGACACCGGCGAGCAGGCACTGGAAATCTGTGACGCCCTGGCGCGTTCTGGCGCAGTAGACGTTATCGTCGTTGACTCCGTGGCGGCACTGACGCCGAAAGCGGAAATCGAAGGCGAAATCGGCGACTCTCACATGGGCCTTGCGGCACGTATGATGAGCCAGGCGATGCGTAAGCTGGCGGGTAACCTGAAGCAGTCCAACACGCTGCTGATCTTCATCAACCAGATCCGTATGAAAATTGGTGTGATGTTCGGTAACCCGGAAACCACTACCGGTGGTAACGCGCTGAAATTCTACGCCTCTGTTCGTCTCGACATCCGTCGTATCGGCGCGGTGAAAGAGGGCGAAAACGTGGTGGGTAGCGAAACCCGCGTGAAAGTGGTGAAGAACAAAATCGCTGCGCCGTTTAAACAGGCTGAATTCCAGATCCTCTACGGCGAAGGTATCAACTTCTACGGCGAACTGGTTGACCTGGGCGTAAAAGAGAAGCTGATCGAGAAAGCAGGCGCGTGGTACAGCTACAAAGGTGAGAAGATCGGTCAGGGTAAAGCGAATGCGACTGCCTGGCTGAAAGATAACCCGGAAACCGCGAAAGAGATCGAGAAGAAAGTACGTGAGTTGCTGCTGAGCAACCCGAACTCAACGCCGGATTTCTCTGTAGATGATAGCGAAGGCGTAGCAGAAACTAACGAAGATTTTTAA,non_ARG
ATGTTTGAACCAATGGAACTTACCAATGACGCGGTGATTAAAGTCATCGGCGTCGGCGGCGGCGGCGGTAATGCTGTTGAACACATGGTGCGCGAGCGCATTGAAGGTGTTGAATTCTTCGCGGTAAATACCGATGCACAAGCGCTGCGTAAAACAGCGGTTGGACAGACGATTCAAATCGGTAGCGGTATCACCAAAGGACTGGGCGCTGGCGCTAATCCAGAAGTTGGCCGCAATGCGGCTGATGAGGATCGCGATGCATTGCGTGCGGCGCTGGAAGGTGCAGACATGGTCTTTATTGCTGCGGGTATGGGTGGTGGTACCGGTACAGGTGCAGCACCAGTCGTCGCTGAAGTGGCAAAAGATTTGGGTATCCTGACCGTTGCTGTCGTCACTAAGCCTTTCAACTTTGAAGGCAAGAAGCGTATGGCATTCGCGGAGCAGGGGATCACTGAACTGTCCAAGCATGTGGACTCTCTGATCACTATCCCGAACGACAAACTGCTGAAAGTTCTGGGCCGCGGTATCTCCCTGCTGGATGCGTTTGGCGCAGCGAACGATGTACTGAAAGGCGCTGTGCAAGGTATCGCTGAACTGATTACTCGTCCGGGTTTGATGAACGTGGACTTTGCAGACGTACGCACCGTAATGTCTGAGATGGGCTACGCAATGATGGGTTCTGGCGTGGCGAGCGGTGAAGACCGTGCGGAAGAAGCTGCTGAAATGGCTATCTCTTCTCCGCTGCTGGAAGATATCGACCTGTCTGGCGCGCGCGGCGTGCTGGTTAACATCACGGCGGGCTTCGACCTGCGTCTGGATGAGTTCGAAACGGTAGGTAACACCATCCGTGCATTTGCTTCCGACAACGCGACTGTGGTTATCGGTACTTCTCTTGACCCGGATATGAATGACGAGCTGCGCGTAACCGTTGTTGCGACAGGTATCGGCATGGACAAACGTCCTGAAATCACTCTGGTGACCAATAAGCAGGTTCAGCAGCCAGTGATGGATCGCTACCAGCAGCATGGGATGGCTCCGCTGACCCAGGAGCAGAAGCCGGTTGCTAAAGTCGTGAATGACAATGCGCCGCAAACTGCGAAAGAGCCGGATTATCTGGATATCCCAGCATTCCTGCGTAAGCAAGCTGATTAA,non_ARG
ATGAGAGATTTATTATCTAAAAAAAGTCATAGGCAATTAGAATTATTATTTGAACATAAACGTTGGTTTCATCGTTCTGAACTAGCAGAGTTATTAAATTGTACAGAACGTGCAGTCAAAGATGATCTATCCCATGTTAAATCTGCTTTTCCTGACTTGATTTTTCATTCTTCTACTAATGGTATACGCATTATTAATACCGATGATAGTGATATTGAAATGGTTTACCATCATTTCTTTAAACATTCAACTCATTTTTCGATTTTAGAATTCATCTTCTTTAATGAAGGTTGTCAAGCTGAGAGTATTTGTAAAGAATTTTATATCAGTTCATCTTCGCTCTATCGTATTATTAGCCAAATCAATAAAGTGATTAAAAGGCAATTTCAATTTGAAGTCAGTCTGACCCCTGTTCAAATCATTGGAAATGAGAGAGACATTCGTTACTTTTTTGCACAATATTTTTCAGAAAAATATTATTTCCTAGAATGGCCATTTGAAAATTTTTCATCAGAGCCACTATCTCAATTGTTAGAATTGGTTTATAAGGAAACAAGCTTTCCAATGAATTTGTCAACGCATAGAATGCTAAAGTTGCTCCTAGTTACGAACCTATATAGAATAAAGTTTGGTCATTTTATGGAAGTAGATAAAGATTCTTTTAACGACCAAAGTTTGGATTTTTTAATGCAGGCAGAAGGAATAGAAGGTGTTGCTCAGAGTTTTGAATCAGAATACAATATCTCTTTAGATGAAGAAGTTGTTTGCCAATTATTTGTGTCTTACTTTCAAAAAATGTTTTTCATAGATGAAAGTCTCTTTATGAAATGCGTAAAAAAGGATAGTTATGTTGAAAAATCTTACCATCTATTGAGTGATTTTATTGATCAGATTTCAGTCAAGTATCAGATTGAAATTGAGAATAAGGATAATCTGATTTGGCATCTGCATAATACCGCACATCTGTATCGTCAAGAGTTGTTTACTGAGTTTATTTTATTTGATCAAAAAGGGAATACAATCAGGAACTTTCAAAATATTTTTCCAAAATTTGTTTCAGATGTAAAAAAAGAGCTTTCTCACTATTTAGAGACTCTTGAGGTTTGTTCTAGTTCAATGATGGTAAATCATCTATCTTATACCTTCATCACTCATACCAAACATTTGGTAATTAATTTGCTACAAAATCAGCCTAAACTAAAGGTTTTGGTTATGAGTAATTTTGATCAGTATCATGCAAAATTCGTTGCAGAGACACTTTCTTATTACTGTAGCAATAATTTTGAACTGGAAGTTTGGACTGAATTAGAATTATCAAAGGAATCTTTAGAAGATTCATCTTATGATATCATTATTTCTAATTTTATTATTCCTCCTATTGAAAATAAGAGACTCATCTTTCAAATAATATAAACACGGTCTCACTCATATATTTGTTAAATGCCATGATGTTTATTCGATTAGATGAGTAA,non_ARG
